Keyword,Course URL,ชื่อหลักสูตร,ชื่อหลักสูตรภาษาอังกฤษ,ประเภทหลักสูตร,วิทยาเขต,ค่าใช้จ่าย,อัตราการสำเร็จการศึกษา,,รอบ 1 Portfolio,รอบ 2 Quota,รอบ 3 Admission,รอบ 4 Direct Admission,ค่ามัธยฐานเงินเดือน,อัตราการได้งานทำ,สาขาวิชา
วิศวกรรมคอมพิวเตอร์,https://course.mytcas.com/programs/10010121300501A,หลักสูตรวิศวกรรมศาสตรบัณฑิต สาขาวิชาวิศวกรรมคอมพิวเตอร์,Bachelor of Engineering Program in Computer Engineering,ภาษาไทย ปกติ,วิทยาเขตหลัก,"ภาคการศึกษาต้นและภาคการศึกษาปลาย ภาคการศึกษาละ 25,500 บาท ภาคฤดูร้อน(ถ้ามี) ภาคการศึกษาละ 6,375 บาท ดูรายละเอียดเพิ่มเติม https://www.reg.chula.ac.th/th/information/fee/",ร้อยละ 86.8 ต่อปีการศึกษา,,รับ60คน,ไม่เปิดรับสมัครในรอบนี้,รับ80คน,ไม่เปิดรับสมัครในรอบนี้,,,
วิศวกรรมคอมพิวเตอร์,https://course.mytcas.com/programs/10010121300599A,หลักสูตรวิศวกรรมศาสตรบัณฑิต สาขาวิชาวิศวกรรมคอมพิวเตอร์และเทคโนโลยีดิจิทัล,Bachelor of Engineering Program in Computer Engineering and Digital Technology,ภาษาไทย ปกติ,วิทยาเขตหลัก,"ภาคการศึกษาต้นและภาคการศึกษาปลาย ภาคการศึกษาละ 25,500 บาท ภาคฤดูร้อน(ถ้ามี) ภาคการศึกษาละ 6,375 บาท ดูรายละเอียดเพิ่มเติม https://www.reg.chula.ac.th/th/information/fee/",ร้อยละ 86.8 ต่อปีการศึกษา,,รับ220คน,รับ10คน,รับ105คน,ไม่เปิดรับสมัครในรอบนี้,,,
วิศวกรรมคอมพิวเตอร์,https://course.mytcas.com/programs/10020105300501A,วศ.บ. สาขาวิชาวิศวกรรมคอมพิวเตอร์,B.Eng. (Computer Engineering),ภาษาไทย ปกติ,บางเขน,,,,รับ36คน,รับ14คน,รับ35คน,ไม่เปิดรับสมัครในรอบนี้,0.00,,
วิศวกรรมคอมพิวเตอร์,https://course.mytcas.com/programs/10020220300501A,วศ.บ. สาขาวิชาวิศวกรรมคอมพิวเตอร์,B.Eng. (Computer Engineering),ภาษาไทย ปกติ,กำแพงแสน,"156,000",,,รับ20คน,รับ20คน,รับ30คน,ไม่เปิดรับสมัครในรอบนี้,-,,
วิศวกรรมคอมพิวเตอร์,https://course.mytcas.com/programs/10020328300502A,วศ.บ. สาขาวิชาวิศวกรรมคอมพิวเตอร์และสารสนเทศศาสตร์,B.Eng. (Computer Engineering and Informatics),ภาษาไทย ปกติ,ศรีราชา,"232,800",ร้อยละ 60.38,,รับ53คน,รับ34คน,รับ30คน,ไม่เปิดรับสมัครในรอบนี้,"22,805.26",ร้อยละ 80.28,
วิศวกรรมคอมพิวเตอร์,https://course.mytcas.com/programs/10020430300501A,วศ.บ. สาขาวิชาวิศวกรรมคอมพิวเตอร์,B.Eng. (Computer Engineering),ภาษาไทย ปกติ,เฉลิมพระเกียรติ จ.สกลนคร,,,,รับ92คน,รับ86คน,รับ40คน,รับ15คน,0.00,,
วิศวกรรมคอมพิวเตอร์,https://course.mytcas.com/programs/10030104300501A,วิศวกรรมศาสตรบัณฑิต (วิศวกรรมคอมพิวเตอร์) วิศวกรรมคอมพิวเตอร์,Bachelor of Engineering (Computer Engineering),ภาษาไทย ปกติ,ขอนแก่น,ค่าธรรมเนียมการศึกษา (ชาวไทย) 20000 บาท/เทอม,,,รับ32คน,รับ38คน,รับ34คน,ไม่เปิดรับสมัครในรอบนี้,,,
วิศวกรรมคอมพิวเตอร์,https://course.mytcas.com/programs/10040106300501A,วศ.บ.วิศวกรรมคอมพิวเตอร์,,ภาษาไทย ปกติ,วิทยาเขตหลัก,"184,000",61.50%,,รับ69คน,รับ43คน,รับ10คน,ไม่เปิดรับสมัครในรอบนี้,"23,188",53.13%,
วิศวกรรมคอมพิวเตอร์,https://course.mytcas.com/programs/10040106300502E,วศ.บ.วิศวกรรมระบบสารสนเทศและเครือข่าย,,นานาชาติ,วิทยาเขตหลัก,"400,000",69.44%,,รับ31คน,รับ38คน,รับ8คน,รับ12คน,"25,000",62.50%,
วิศวกรรมคอมพิวเตอร์,https://course.mytcas.com/programs/10050210300501A,วศ.บ.สาขาวิชาวิศวกรรมคอมพิวเตอร์,Bachelor of Engineering Program in Computer Engineering,ภาษาไทย ปกติ,ศูนย์รังสิต,"18,900 บาท ต่อภาคการศึกษา",ร้อยละ 50,,รับ18คน,รับ23คน,รับ30คน,ไม่เปิดรับสมัครในรอบนี้,"29,000 บาท",ร้อยละ 100,
วิศวกรรมคอมพิวเตอร์,https://course.mytcas.com/programs/10050222300501E,วศ.บ.สาขาวิชาวิศวกรรมดิจิทัล และวิศวกรรมคอมพิวเตอร์ (หลักสูตรนานาชาติ) (SIIT),Bachelor of Engineering (B.Eng.),นานาชาติ,ศูนย์รังสิต,"101,200 บาท ต่อภาคการศึกษา",ร้อยละ 91.40,,รับ159คน,รับ50คน,รับ15คน,รับ10คน,"36,198 บาท",ร้อยละ 96.02,
วิศวกรรมคอมพิวเตอร์,https://course.mytcas.com/programs/10060112300501A,หลักสูตรวิศวกรรมศาสตรบัณฑิต สาขาวิชาวิศวกรรมคอมพิวเตอร์,Bachelor of Engineering Program in Computer Engineering,ภาษาไทย ปกติ,ศาลายา,"30,000 บาท ต่อภาคการศึกษา",,,รับ30คน,รับ20คน,รับ26คน,ไม่เปิดรับสมัครในรอบนี้,,,
วิศวกรรมคอมพิวเตอร์,https://course.mytcas.com/programs/10090209300501A,หลักสูตรวิศวกรรมศาสตรบัณฑิต สาขาวิชาวิศวกรรมคอมพิวเตอร์,Bachelor of Engineering Program in Computer Engineering,ภาษาไทย ปกติ,องครักษ์,"200,000 บาท ตลอดหลักสูตร",อัตราการจบการศึกษา ร้อยละ 98.07 ของนักศึกษาปีการศึกษา 2565,,รับ38คน,รับ7คน,รับ15คน,รับ8คน,"22,000 บาท",ร้อยละ 92 ของผู้จบการศึกษา,
วิศวกรรมคอมพิวเตอร์,https://course.mytcas.com/programs/10100101300501A,วศ.บ. วิศวกรรมคอมพิวเตอร์,Bachelor of Engineering Program in Computer Engineering,ภาษาไทย ปกติ,หาดใหญ่,"อัตราค่าเล่าเรียน 18,000.-/ภาคการศึกษา",,,รับ75คน,รับ20คน,รับ10คน,ไม่เปิดรับสมัครในรอบนี้,,,
วิศวกรรมคอมพิวเตอร์,https://course.mytcas.com/programs/10100101300502A,วศ.บ. วิศวกรรมปัญญาประดิษฐ์,Bachelor of Engineering Program in Artificial Intelligence Engineering,ภาษาไทย ปกติ,หาดใหญ่,"อัตราค่าเล่าเรียน 28,000.-/ภาคการศึกษา",,,รับ210คน,รับ5คน,รับ10คน,ไม่เปิดรับสมัครในรอบนี้,,,
วิศวกรรมคอมพิวเตอร์,https://course.mytcas.com/programs/10100329300501E,วศ.บ. วิศวกรรมดิจิทัล (หลักสูตรนานาชาติ),Bachelor of Engineering Programe in Digital Engineering (International Program),นานาชาติ,ภูเก็ต,"อัตราค่าเล่าเรียน 48,000 บาทต่อภาคการศึกษา (เรียน 8 ภาคการศึกษา) หรือตลอดหลักสูตร 384,000 บาท และต้องชำระค่าธรรมเนียมแรกเข้าอีก 15,000 บาท",,,รับ600คน,รับ245คน,รับ120คน,รับ120คน,,,
วิศวกรรมคอมพิวเตอร์,https://course.mytcas.com/programs/10140107300502E,วิศวกรรมศาสตรบัณฑิต สาขาวิชาวิศวกรรมคอมพิวเตอร์ ปริญญาตรี 4 ปี  (หลักสูตรนานาชาติ),Bachelor of Engineering Program in Computer Engineering (International Program) 4-year undergraduate program ( international ),นานาชาติ,บางมด,https://kmutt.me/TUITION-FEES-BS-KMUTT,,,,รับ44คน,รับ9คน,รับ21คน,,,วิศวกรรมคอมพิวเตอร์ (หลักสูตรนานาชาติ) - วศ.บ. 4 ปี
วิศวกรรมคอมพิวเตอร์,https://course.mytcas.com/programs/10140107300507A,วิศวกรรมศาสตรบัณฑิต สาขาวิชาวิศวกรรมคอมพิวเตอร์ ปริญญาตรี 4 ปี,Bachelor of Engineering Program in Computer Engineering 4-year undergraduate program,ภาษาไทย ปกติ,บางมด,https://kmutt.me/TUITION-FEES-BS-KMUTT,,,,รับ33คน,รับ5คน,,,,วิศวกรรมคอมพิวเตอร์ - วศ.บ. 4 ปี
วิศวกรรมคอมพิวเตอร์,https://course.mytcas.com/programs/10140108701904A?major=C,ครุศาสตร์อุตสาหกรรมบัณฑิต สาขาวิชาวิศวกรรมไฟฟ้า ปริญญาตรี 5 ปี,Bachelor of Science in Industrial Education Program in Electrical Engineering 5-year undergraduate program,ภาษาไทย ปกติ,บางมด,https://kmutt.me/TUITION-FEES-BS-KMUTT,,,,,รับ1คน,,,,วิศวกรรมไฟฟ้า - วิชาโทวิศวกรรมคอมพิวเตอร์ (ค.อ.บ. 5 ปี)
วิศวกรรมคอมพิวเตอร์,https://course.mytcas.com/programs/10150101300501A,วศ.บ.วิศวกรรมคอมพิวเตอร์,Bachelor of Engineering Program in Computer Engineering,ภาษาไทย ปกติ,กรุงเทพฯ,"25,000 ต่อภาคเรียน",,,รับ29คน,รับ23คน,รับ5คน,ไม่เปิดรับสมัครในรอบนี้,"23,330 บาท (ภาพรวมคณะ รุ่นปีการศึกษา 2565)",ร้อยละ 74.89 (ภาพรวมคณะ รุ่นปีการศึกษา 2565),
วิศวกรรมคอมพิวเตอร์,https://course.mytcas.com/programs/10160101300501A,วศ.บ. วิศวกรรมคอมพิวเตอร์,B.Eng. Computer Engineering,ภาษาไทย ปกติ,ลาดกระบัง,"25,000 ต่อภาคการศึกษา",ไม่ระบุ,,รับ85คน,รับ45คน,รับ20คน,รับ5คน,ไม่ระบุ,ไม่ระบุ,
วิศวกรรมคอมพิวเตอร์,https://course.mytcas.com/programs/10160101300503E,วศ.บ. วิศวกรรมคอมพิวเตอร์ (หลักสูตรนานาชาติ),B.Eng. Computer Engineering (International Program),นานาชาติ,ลาดกระบัง,"90,000 ต่อภาคการศึกษา",ไม่ระบุ,,รับ80คน,รับ15คน,รับ5คน,รับ10คน,ไม่ระบุ,ไม่ระบุ,
วิศวกรรมคอมพิวเตอร์,https://course.mytcas.com/programs/10160101300504A,วศ.บ. วิศวกรรมคอมพิวเตอร์และความปลอดภัยไซเบอร์,B.Eng. Computer Engineering and Cyber Security,ภาษาไทย ปกติ,ลาดกระบัง,"50,000 ต่อภาคการศึกษา",ไม่ระบุ,,รับ115คน,รับ30คน,รับ5คน,ไม่เปิดรับสมัครในรอบนี้,ไม่ระบุ,ไม่ระบุ,
วิศวกรรมคอมพิวเตอร์,https://course.mytcas.com/programs/10160220300501A,วศ.บ. วิศวกรรมคอมพิวเตอร์,B.Eng. Computer Engineering,ภาษาไทย ปกติ,ชุมพรเขตรอุดมศักดิ์ จังหวัดชุมพร,"20,000 บาท ต่อภาคการศึกษา",ไม่ระบุ,,รับ55คน,รับ22คน,รับ10คน,รับ10คน,ไม่ระบุ,ไม่ระบุ,
วิศวกรรมคอมพิวเตอร์,https://course.mytcas.com/programs/10170107300001A,"กลุ่มวิศวกรรมศาสตร์ (ประกอบด้วยสาขาวิชาวิศวกรรมการผลิตอัตโนมัติและหุ่นยนต์, วิศวกรรมเกษตรและอาหาร, วิศวกรรมคอมพิวเตอร์, วิศวกรรมเคมี, วิศวกรรมเครื่องกล, วิศวกรรมปิโตรเลียมและเทคโนโลยีธรณี, วิศวกรรมไฟฟ้า, วิศวกรรมโทรคมนาคม, วิศวกรรมยานยนต์,วิศวกรรมโยธา, วิศวกรรมขนส่งและโลจิสติส์, วิศวกรรมเซรามิก, วิศวกรรมพอลิเมอร์, วิศวกรรมโลหการ, วิศวกรรมสิ่งแวดล้อม, วิศวกรรมธรณี, วิศวกรรมอากาศยาน, วิศวกรรมอิเล็กทรอนิกส์, วิศวกรรมอุตสาหการ เรียนรวมกันปี 1 แยกสาขาปี 2)",Engineering,ภาษาไทย ปกติ,วิทยาเขตหลัก,,,,รับ2100คน,รับ500คน,รับ300คน,รับ300คน,,,
วิศวกรรมคอมพิวเตอร์,https://course.mytcas.com/programs/10170107300501A,วิศวกรรมคอมพิวเตอร์,Computer Engineering,ภาษาไทย ปกติ,วิทยาเขตหลัก,"197,100",,,รับ10คน,ไม่เปิดรับสมัครในรอบนี้,ไม่เปิดรับสมัครในรอบนี้,ไม่เปิดรับสมัครในรอบนี้,"20,918.60",ร้อยละ 76.06 ของผู้จบการศึกษาปี 2564,
วิศวกรรมคอมพิวเตอร์,https://course.mytcas.com/programs/10200120300501A,หลักสูตรวิศวกรรมศาสตรบัณฑิต สาขาวิชาวิศวกรรมคอมพิวเตอร์,Bachelor of Engineering Program in Computer Engineering,ภาษาไทย ปกติ,วิทยาเขตหลัก,"อัตราค่าเล่าเรียน 16,000 ต่อภาคเรียน",ร้อยละ 58.77,,รับ31คน,รับ25คน,รับ60คน,รับ20คน,"15,000-20,000",-,
วิศวกรรมคอมพิวเตอร์,https://course.mytcas.com/programs/10230125300501A,วิศวกรรมศาสตรบัณฑิต สาขาวิศวกรรมคอมพิวเตอร์และปัญญาประดิษฐ์,Bachelor of Engineering Program in Computer Engineering and Artificial Intelligence,ภาษาไทย ปกติ,วิทยาเขตหลัก,"อัตราค่าเล่าเรียน   32,700  ต่อภาคเรียน",,,รับ80คน,รับ50คน,รับ10คน,รับ5คน,,,
วิศวกรรมคอมพิวเตอร์,https://course.mytcas.com/programs/10240113300501A,วศ.บ. วิศวกรรมคอมพิวเตอร์ (จัดการเรียนการสอนเป็นภาษาอังกฤษ),Bachelor of Engineering Program in Computer Engineering,ภาษาไทย ปกติ,วิทยาเขตหลัก,"ค่าธรรมเนียมการศึกษา 28,000 ต่อภาคการศึกษา หรือ 224,000 บาท ตลอดหลักสูตร",,,รับ217คน,รับ80คน,รับ70คน,ไม่เปิดรับสมัครในรอบนี้,,,
วิศวกรรมคอมพิวเตอร์,https://course.mytcas.com/programs/10250105300501A,วิศวกรรมคอมพิวเตอร์,Bachelor of Engineering Program in Computer Engineering,ภาษาไทย ปกติ,วิทยาเขตหลัก,"112,000",อัตราการจบการศึกษา ร้อยละ 80 ของนักศึกษาปีการศึกษา 2568,,รับ10คน,รับ27คน,รับ20คน,รับ5คน,,ร้อยละ 90 ของผู้จบการศึกษา,
วิศวกรรมคอมพิวเตอร์,https://course.mytcas.com/programs/10260106300502A,วิศวกรรมศาสตรบัณฑิต,Bachelor of Engineering Program in Computer Engineering,ภาษาไทย ปกติ,วิทยาเขตหลัก,"อัตราค่าเล่าเรียน โดยประมาณ 72,200 บาท ตลอดหลักสูตร",,,รับ30คน,รับ30คน,รับ30คน,ไม่เปิดรับสมัครในรอบนี้,,,วิศวกรรมคอมพิวเตอร์
วิศวกรรมคอมพิวเตอร์,https://course.mytcas.com/programs/10270102300501A,หลักสูตรวิศวกรรมศาสตรบัณฑิต สาขาวิชาวิศวกรรมคอมพิวเตอร์,Bachelor of Engineering Program in Computer Engineering,ภาษาไทย ปกติ,วิทยาเขตหลัก,https://admission.up.ac.th/uploads/admission/media/file/66ed2582eb5b7LIYYa.pdf,,,รับ60คน,รับ20คน,รับ20คน,ไม่เปิดรับสมัครในรอบนี้,,,
วิศวกรรมคอมพิวเตอร์,https://course.mytcas.com/programs/10280104300501A,วศ.บ. วิศวกรรมคอมพิวเตอร์,B.Eng.(Computer Engineering),ภาษาไทย ปกติ,วิทยาเขตหลัก,"อัตราค่าเล่าเรียน 10,150 ต่อภาคเรียน",,,รับ10คน,รับ10คน,รับ10คน,รับ20คน,,,
วิศวกรรมคอมพิวเตอร์,https://course.mytcas.com/programs/10340101300501A,หลักสูตรวิศวกรรมศาสตรบัณฑิต สาขาวิชาวิศวกรรมคอมพิวเตอร์ (วศ.บ. (วิศวกรรมคอมพิวเตอร์)),Bechelor of Engineering Program in Computer Engineering  (B. Eng. (Computer Engineering)),ภาษาไทย ปกติ,วิทยาเขตหลักหัวหมาก,"เทอมแรก 33,000 บาท เทอมต่อไปเทอมละ 26,000 บาท (เหมาจ่ายรายเทอม ลงทะเบียนได้ไม่เกิน 22 - 24 หน่วยกิต) หลักสูตร 4 ปี",90% - 96%,,รับ20คน,รับ20คน,รับ80คน,ไม่เปิดรับสมัครในรอบนี้,"ประมาณ 25,000.-",0.98%,
วิศวกรรมคอมพิวเตอร์,https://course.mytcas.com/programs/10340101300506E,หลักสูตรวิศวกรรมศาสตรบัณฑิต สาขาวิชาวิศวกรรมคอมพิวเตอร์ (หลักสูตรนานาชาติ) (วศ.บ. (วิศวกรรมคอมพิวเตอร์)),Bechelor of Engineering Program in Computer Engineering (International Program) (B. Eng. (Computer Engineering)),นานาชาติ,วิทยาเขตหลัก,"ตลอดหลักสูตร 403,260 บาท (63,260 บาทในภาคการศึกษาแรก)",,,ไม่เปิดรับสมัครในรอบนี้,ไม่เปิดรับสมัครในรอบนี้,รับ50คน,รับ30คน,"ประมาณ 35,000.-",,
วิศวกรรมคอมพิวเตอร์,https://course.mytcas.com/programs/10350103300501A,วิศวกรรมศาสตรบัณฑิต สาขาวิชาวิศวกรรมคอมพิวเตอร์,Bachelor of Engineering Program in Computer Engineering,ภาษาไทย ปกติ,วิทยาเขตหลัก,"อัตราค่าเล่าเรียน 31,500 ต่อภาคเรียน หรือ 252,000 บาท ตลอดหลักสูตร",,,รับ30คน,รับ20คน,รับ21คน,ไม่เปิดรับสมัครในรอบนี้,,,
วิศวกรรมคอมพิวเตอร์,https://course.mytcas.com/programs/21520106300501A,หลักสูตรวิศวกรรมศาสตรบัณฑิต สาขาวิชาวิศวกรรมคอมพิวเตอร์,Bachelor of Engineering Program in Computer Engineering,ภาษาไทย ปกติ,วิทยาเขตหลัก,"ค่าบำรุงการศึกษา 12,000 บาท ต่อภาคการศึกษา",,,รับ60คน,รับ30คน,รับ20คน,ไม่เปิดรับสมัครในรอบนี้,,,
วิศวกรรมคอมพิวเตอร์,https://course.mytcas.com/programs/21660105300516A,วศ.บ.วิศวกรรมคอมพิวเตอร์,Bachelor of Engineering,ภาษาไทย ปกติ,หลัก,"ค่าลงทะเบียนเรียน 18,500 บาท ต่อภาคเรียน และค่าธรรมเนียมแรกเข้าศึกษา 5,350 บาท (ค่าแรกเข้าชำระเฉพาะภาคเรียนแรกที่เข้าศึกษา) สามารถดูประกาศค่าธรรมเนียม  ณ วันที่ประกาศรายชื่อผู้มีสิทธิ์เข้าศึกษาที่เว็บไซต์ https://admission.ssru.ac.th/login",,,รับ60คน,รับ10คน,รับ80คน,รับ50คน,,,
วิศวกรรมคอมพิวเตอร์,https://course.mytcas.com/programs/21710105300590A,วศ.บ.วิศวกรรมคอมพิวเตอร์และเครือข่าย,Computer and Network Engineering,ภาษาไทย ปกติ,วิทยาเขตหลัก,"72,610 บาท",,,รับ5คน,รับ5คน,รับ10คน,ไม่เปิดรับสมัครในรอบนี้,"18,000 บาท",,วิศวกรรมคอมพิวเตอร์และเครือข่าย
วิศวกรรมคอมพิวเตอร์,https://course.mytcas.com/programs/31910102700901A,วิศวกรรมคอมพิวเตอร์,Computer Engineering,ภาษาไทย ปกติ,วิทยาเขตหลัก,100000 ตลอดหลักสูตร  (14000 ต่อภาคเรียน),อัตราการจบการศึกษา ร้อยละ 90 ของนักศึกษาปีการศึกษา 2566,,รับ14คน,รับ4คน,รับ4คน,รับ2คน,20000 บาท,ร้อยละ 90 ของผู้จบการศึกษา,
วิศวกรรมคอมพิวเตอร์,https://course.mytcas.com/programs/31910104300501A,วิศวกรรมคอมพิวเตอร์,Computer Engineering,ภาษาไทย ปกติ,วิทยาเขตหลัก,20000 บาท/ภาคการศึกษา,อัตราการจบการศึกษา ร้อยละ 66.00 ของนักศึกษาปีการศึกษา 2566,,รับ20คน,ไม่เปิดรับสมัครในรอบนี้,ไม่เปิดรับสมัครในรอบนี้,ไม่เปิดรับสมัครในรอบนี้,22500 บาท,ร้อยละ 75 ของผู้จบการศึกษา,
วิศวกรรมคอมพิวเตอร์,https://course.mytcas.com/programs/31920104300501A,วศ.บ. (วิศวกรรมคอมพิวเตอร์และระบบไอโอที),B.Eng. (Computer Engineering and IoT System),ภาษาไทย ปกติ,วิทยาเขตหลัก,อัตราค่าบำรุงการศึกษา ภาคการศึกษาแรก 16120 บาท / ภาคการศึกษาถัดไป 11700 บาท,n/a,,รับ5คน,รับ15คน,รับ10คน,รับ10คน,n/a,n/a,
วิศวกรรมคอมพิวเตอร์,https://course.mytcas.com/programs/31940504300501A,วศ.บ. วิศวกรรมคอมพิวเตอร์,Bachelor of Engineering Program in Computer Engineering,ภาษาไทย ปกติ,พระนครเหนือ,15000,,,รับ15คน,รับ15คน,รับ15คน,รับ10คน,,,
วิศวกรรมคอมพิวเตอร์,https://course.mytcas.com/programs/31950101300501A,วศ.บ.  วิศวกรรมคอมพิวเตอร์ 4 ปี,BachelorofEngineering(B.Eng.),ภาษาไทย ปกติ,ศาลายา,"สายวิทยาศาสตร์ค่าเทอมเหมาจ่าย 15,000/ภาคการศึกษา สายสังคมค่าเทอมเหมาจ่าย 12,000/ภาคการศึกษา",,,รับ5คน,รับ5คน,รับ15คน,ไม่เปิดรับสมัครในรอบนี้,,,
วิศวกรรมคอมพิวเตอร์,https://course.mytcas.com/programs/31950203300501A,อส.บ. เทคโนโลยีวิศวกรรมคอมพิวเตอร์ 4 ปี,BachelorofIndustrialTechnology(B.Ind.Tech.),ภาษาไทย ปกติ,วังไกลกังวล,"สายวิทยาศาสตร์ค่าเทอมเหมาจ่าย 15,000/ภาคการศึกษา สายสังคมค่าเทอมเหมาจ่าย 12,000/ภาคการศึกษา",,,รับ10คน,รับ10คน,รับ5คน,ไม่เปิดรับสมัครในรอบนี้,,,
วิศวกรรมคอมพิวเตอร์,https://course.mytcas.com/programs/31970104300501A,วศ.บ. วิศวกรรมคอมพิวเตอร์,Computer Engineering,ภาษาไทย ปกติ,สงขลา,"110,000",,,รับ7คน,รับ2คน,รับ1คน,รับ1คน,,,
วิศวกรรมคอมพิวเตอร์,https://course.mytcas.com/programs/31970104300502A,วศ.บ. วิศวกรรมปัญญาประดิษฐ์และนวัตกรรมดิจิทัล,Artificial Intelligence and Digital Innovation Engineering,ภาษาไทย ปกติ,สงขลา,"110,000",,,รับ2คน,รับ2คน,รับ1คน,รับ1คน,,,
วิศวกรรมคอมพิวเตอร์,https://course.mytcas.com/programs/31970615300501A,วศ.บ. วิศวกรรมคอมพิวเตอร์และการสื่อสาร,Information and Communication Engineering,ภาษาไทย ปกติ,ตรัง,"110,000",,,รับ10คน,รับ10คน,ไม่เปิดรับสมัครในรอบนี้,รับ20คน,,,
วิศวกรรมคอมพิวเตอร์,https://course.mytcas.com/programs/31990103300501A,วศ.บ.วิศวกรรมคอมพิวเตอร์,Programin Computer Engineering,ภาษาไทย ปกติ,นครราชสีมา,"อัตราค่าเล่าเรียน 12,000 ต่อภาคเรียน หรือ 152,000 บาท ตลอดหลักสูตร",อัตราการจบการศึกษา ร้อยละ 33.33 ของนักศึกษาปีการศึกษา 2566,,รับ10คน,รับ4คน,รับ2คน,ไม่เปิดรับสมัครในรอบนี้,"23,113.59 บาท",ร้อยละ 76.92 ของผู้จบการศึกษา,
วิศวกรรมคอมพิวเตอร์,https://course.mytcas.com/programs/40540111300501A,วศ.บ. สาขาวิชาวิศวกรรมคอมพิวเตอร์,B.Sc. Computer Engineering,ภาษาไทย ปกติ,วิทยาเขตหลัก,,,,รับ10คน,รับ10คน,รับ20คน,รับ20คน,,,
วิศวกรรมคอมพิวเตอร์,https://course.mytcas.com/programs/40560107300501A,หลักสูตรวิศวกรรมศาสตรบัณฑิต (วิศวกรรมคอมพิวเตอร์และปัญญาประดิษฐ์),B.Eng. (Computer Engineering and Artificial Intelligence),ภาษาไทย ปกติ,วิทยาเขตหลัก,"อัตราค่าเล่าเรียน  340,000 บาท ตลอดหลักสูตร",,,รับ60คน,ไม่เปิดรับสมัครในรอบนี้,รับ60คน,ไม่เปิดรับสมัครในรอบนี้,,,
วิศวกรรมคอมพิวเตอร์,https://course.mytcas.com/programs/40610130300501A?major=A,วศ.บ. วิศวกรรมคอมพิวเตอร์และปัญญาประดิษฐ์,Computer Engineering,ภาษาไทย ปกติ,วิทยาเขตหลัก,_,,,ไม่เปิดรับสมัครในรอบนี้,ไม่เปิดรับสมัครในรอบนี้,รับ50คน,ไม่เปิดรับสมัครในรอบนี้,,,วศ.บ. วิศวกรรมคอมพิวเตอร์และปัญญาประดิษฐ์
วิศวกรรมคอมพิวเตอร์,https://course.mytcas.com/programs/40680111300501A,วศ.บ.วิศวกรรมคอมพิวเตอร์,B.Eng. Computer Engineering,ภาษาไทย ปกติ,วิทยาเขตหลัก,"ค่าเล่าเรียนตลอดหลักสูตร 396,800",75%,,ไม่เปิดรับสมัครในรอบนี้,ไม่เปิดรับสมัครในรอบนี้,รับ30คน,ไม่เปิดรับสมัครในรอบนี้,25000,100%,
วิศวกรรมคอมพิวเตอร์,https://course.mytcas.com/programs/41030102300501A,หลักสูตรวิศวกรรมศาสตรบัณฑิต สาขาวิชาวิศวกรรมคอมพิวเตอร์,Bachelor of Engineering Program in Computer Engineering,ภาษาไทย ปกติ,วิทยาเขตหลัก,ค่าเล่าเรียนตลอดหลักสูตร 337000 บาท,อัตราการจบการศึกษา ร้อยละ 94.44 ของนักศึกษาปีการศึกษา 2566,,รับ30คน,รับ30คน,รับ30คน,ไม่เปิดรับสมัครในรอบนี้,,,
วิศวกรรมคอมพิวเตอร์,https://course.mytcas.com/programs/41800204300501A,วศ.บ.วิศวกรรมคอมพิวเตอร์,B.Eng. (Computer Engineering),ภาษาไทย ปกติ,วิทยาเขตร่มเกล้า,"282,000 บาท ตลอดหลักสูตร",,,ไม่เปิดรับสมัครในรอบนี้,ไม่เปิดรับสมัครในรอบนี้,รับ40คน,ไม่เปิดรับสมัครในรอบนี้,,,
วิศวกรรมคอมพิวเตอร์,https://course.mytcas.com/programs/41810101300501A,วศ.บ. สาขาวิชาวิศวกรรมคอมพิวเตอร์,Bachelor of Engineering (Computer Engineering),ภาษาไทย ปกติ,วิทยาเขตหลัก,"ประมาณการอัตราค่าเล่าเรียน ตลอดหลักสูตร 303,500 บาท",-,,รับ30คน,ไม่เปิดรับสมัครในรอบนี้,รับ20คน,ไม่เปิดรับสมัครในรอบนี้,"21,666.67 บาท",ร้อยละ 100 ของผู้จบการศึกษา,
วิศวกรรมคอมพิวเตอร์,https://course.mytcas.com/programs/49180101303701A,หลักสูตรวิศวกรรมศาสตรบัณฑิต สาขาวิชาวิศวกรรมคอมพิวเตอร์และปัญญาประดิษฐ์,Bachelor of Engineering Program in Computer Engineering and Artificial Intelligence,ภาษาไทย ปกติ,แจ้งวัฒนะ นนทบุรี,"อัตราค่าเล่าเรียน 384,000 บาท ตลอดหลักสูตร (มีทุนการศึกษาสนับสนุน และสามารถกู้ กยศ.2 ได้)",ร้อยละ 97 ของนักศึกษาปีการศึกษา 2566,,รับ40คน,รับ15คน,รับ15คน,ไม่เปิดรับสมัครในรอบนี้,"25,520 บาท",ร้อยละ 96 ของผู้จบการศึกษา,
วิศวกรรมปัญญาประดิษฐ์,https://course.mytcas.com/programs/10100101300502A,วศ.บ. วิศวกรรมปัญญาประดิษฐ์,Bachelor of Engineering Program in Artificial Intelligence Engineering,ภาษาไทย ปกติ,หาดใหญ่,"อัตราค่าเล่าเรียน 28,000.-/ภาคการศึกษา",,,รับ210คน,รับ5คน,รับ10คน,ไม่เปิดรับสมัครในรอบนี้,,,
วิศวกรรมปัญญาประดิษฐ์,https://course.mytcas.com/programs/10100329303701A,วศ.บ. วิศวกรรมปัญญาประดิษฐ์และระบบอัจฉริยะ,Bachelor of Engineering Programe in Artificial Intelligence and System Engineering,ภาษาไทย ปกติ,ภูเก็ต,"อัตราค่าเล่าเรียน 38,000 บาทต่อภาคการศึกษา (เรียน 6 ภาคการศึกษา) หรือตลอดหลักสูตร 228,000 บาท และต้องชำระค่าธรรมเนียมแรกเข้าอีก 15,000 บาท",,,รับ315คน,รับ120คน,รับ40คน,รับ20คน,,,
วิศวกรรมปัญญาประดิษฐ์,https://course.mytcas.com/programs/10140136303701A,หลักสูตรวิศวกรรมศาสตรบัณฑิต สาขาวิชาวิศวกรรมระบบอัจฉริยะ ปริญญาตรี 4 ปี (พื้นที่การศึกษาราชบุรี),Bachelor of Engineering Program in Intelligence Systems Engineering 4-year undergraduate program (Rajaburi educational region),ภาษาไทย ปกติ,บางมด,https://kmutt.me/TUITION-FEES-BS-KMUTT,,,,รับ205คน,รับ60คน,รับ50คน,,,วิศวกรรมระบบอัจฉริยะ - วศ.บ 4 ปี (พื้นที่การศึกษาราชบุรี)
วิศวกรรมปัญญาประดิษฐ์,https://course.mytcas.com/programs/10160101303701I,วศ.บ. วิศวกรรมปัญญาประดิษฐ์และการเป็นผู้ประกอบการ (หลักสูตรนานาชาติ) (หลักสูตรร่วม สจล. และ ม.กรุงเทพ),B.Eng. Ai Engineering and Entrepreneurship (International Program) Joint Degree between KMITL and Bangkok University,Joint Degree - นานาชาติ,ลาดกระบัง,"175,000 ต่อภาคการศึกษา",ไม่ระบุ,,รับ125คน,รับ75คน,รับ10คน,รับ80คน,ไม่ระบุ,ไม่ระบุ,
วิศวกรรมปัญญาประดิษฐ์,https://course.mytcas.com/programs/10180113303703A,วศ.บ.สาขาวิชาวิศวกรรมปัญญาประดิษฐ์และการสั่งการ,Bachelor of Engineering Program in Artificial Intelligence and Prompt Engineering,ภาษาไทย ปกติ,วิทยาเขตหลัก,"อัตราค่าเล่าเรียน  28,000 ต่อภาคการศึกษา หรือ 224,000 ตลอดหลักสูตร",,,ไม่เปิดรับสมัครในรอบนี้,รับ40คน,รับ40คน,ไม่เปิดรับสมัครในรอบนี้,,,
วิศวกรรมปัญญาประดิษฐ์,https://course.mytcas.com/programs/31970104300502A,วศ.บ. วิศวกรรมปัญญาประดิษฐ์และนวัตกรรมดิจิทัล,Artificial Intelligence and Digital Innovation Engineering,ภาษาไทย ปกติ,สงขลา,"110,000",,,รับ2คน,รับ2คน,รับ1คน,รับ1คน,,,
วิศวกรรมปัญญาประดิษฐ์,https://course.mytcas.com/programs/49180101303701A,หลักสูตรวิศวกรรมศาสตรบัณฑิต สาขาวิชาวิศวกรรมคอมพิวเตอร์และปัญญาประดิษฐ์,Bachelor of Engineering Program in Computer Engineering and Artificial Intelligence,ภาษาไทย ปกติ,แจ้งวัฒนะ นนทบุรี,"อัตราค่าเล่าเรียน 384,000 บาท ตลอดหลักสูตร (มีทุนการศึกษาสนับสนุน และสามารถกู้ กยศ.2 ได้)",ร้อยละ 97 ของนักศึกษาปีการศึกษา 2566,,รับ40คน,รับ15คน,รับ15คน,ไม่เปิดรับสมัครในรอบนี้,"25,520 บาท",ร้อยละ 96 ของผู้จบการศึกษา,
